date,rank,pool,project,chain,tvl,tvl_raw,apy,base_apy,reward_apy,base_apy_7d,il_7d,avg_30d,inception_apy,top_10_pct,total_pool,total_borrowed,avail_liquidity,supply_cap_util,collateral_exposure,exit_fee,reason
2026-09-19,66,MWUSDC,morpho blue,Base,$19.6k,19581.770917465823,20.626,20.626,0.12424,,,4.10669,,,19581.770917465823,,0,,"{""MAMO"":0.01,""stkWELL"":99.93,""WELL"":0.06}",,"retro 2026-10-06: Morpho netApy inflation (stkWELL reward calc), removed from master"
2026-09-19,97,Moonwell Ecosystem USDC (V2),morpho,Base,$7.6k,7602.6288288550095,20.6105,20.6105,,,,,,,7602.6288288550095,,0,,,,"retro 2026-10-06: Morpho netApy inflation (stkWELL reward calc), removed from master"
2026-09-20,63,MWUSDC,morpho blue,Base,$19.6k,19590.78463335267,23.8577,23.8577,0.12565,,,4.1086,,,19590.78463335267,,9.59,,"{""MAMO"":0.01,""stkWELL"":99.93,""WELL"":0.06}",,"retro 2026-10-06: Morpho netApy inflation (stkWELL reward calc), removed from master"
2026-09-20,97,Moonwell Ecosystem USDC (V2),morpho,Base,$7.6k,7606.1485467851535,23.8582,23.8582,,,,,,,7606.1485467851535,,9.59,,,,"retro 2026-10-06: Morpho netApy inflation (stkWELL reward calc), removed from master"
2026-09-21,65,MWUSDC,morpho blue,Base,$19.6k,19604.2849242827,20.3841,20.3841,0.12069,,,4.10731,,,19604.2849242827,,579.45,,"{""MAMO"":0.01,""stkWELL"":99.93,""WELL"":0.06}",,"retro 2026-10-06: Morpho netApy inflation (stkWELL reward calc), removed from master"
2026-09-21,98,Moonwell Ecosystem USDC (V2),morpho,Base,$7.6k,7611.390073792264,20.3843,20.3843,,,,,,,7611.390073792264,,579.45,,,,"retro 2026-10-06: Morpho netApy inflation (stkWELL reward calc), removed from master"
2026-09-22,63,MWUSDC,morpho blue,Base,$19.0k,19043.441993884953,31.4912,31.4912,0.12706,,,4.10685,,,19043.441993884953,,0.89,,"{""MAMO"":0.01,""stkWELL"":99.93,""WELL"":0.06}",,"retro 2026-10-06: Morpho netApy inflation (stkWELL reward calc), removed from master"
2026-09-22,97,Moonwell Ecosystem USDC (V2),morpho,Base,$7.0k,7042.347377222767,31.4917,31.4917,,,,,,,7042.347377222767,,0.89,,,,"retro 2026-10-06: Morpho netApy inflation (stkWELL reward calc), removed from master"
2026-09-23,67,MWUSDC,morpho blue,Base,$19.1k,19059.7567930693,36.9349,36.9349,0.13223,,,4.11085,,,19059.7567930693,,0.01,,"{""MAMO"":0.01,""stkWELL"":99.93,""WELL"":0.06}",,"retro 2026-10-06: Morpho netApy inflation (stkWELL reward calc), removed from master"
2026-09-23,97,Moonwell Ecosystem USDC (V2),morpho,Base,$7.0k,7048.3790650381015,36.9339,36.9339,,,,,,,7048.3790650381015,,0.01,,,,"retro 2026-10-06: Morpho netApy inflation (stkWELL reward calc), removed from master"
2026-09-24,68,MWUSDC,morpho blue,Base,$19.1k,19076.87260475528,43.3759,43.3759,0.13554,,,4.1165,,,19076.87260475528,,0.01,,"{""MAMO"":0.01,""stkWELL"":99.93,""WELL"":0.06}",,"retro 2026-10-06: Morpho netApy inflation (stkWELL reward calc), removed from master"
2026-09-24,98,Moonwell Ecosystem USDC (V2),morpho,Base,$7.1k,7054.710032730098,43.3764,43.3764,,,,,,,7054.710032730098,,0.01,,,,"retro 2026-10-06: Morpho netApy inflation (stkWELL reward calc), removed from master"
2026-09-25,64,MWUSDC,morpho blue,Base,$19.1k,19096.00975599447,51.0185,51.0185,0.14419,,,4.11875,,,19096.00975599447,,0.01,,"{""MAMO"":0.01,""stkWELL"":99.93,""WELL"":0.06}",,"retro 2026-10-06: Morpho netApy inflation (stkWELL reward calc), removed from master"
2026-09-25,96,Moonwell Ecosystem USDC (V2),morpho,Base,$7.1k,7061.78729054439,51.0193,51.0193,,,,,,,7061.78729054439,,0.01,,,,"retro 2026-10-06: Morpho netApy inflation (stkWELL reward calc), removed from master"
2026-09-26,64,MWUSDC,morpho blue,Base,$19.1k,19120.040665107947,59.2073,59.2073,0.14109,,,4.11242,,,19120.040665107947,,32.93,,"{""MAMO"":0.01,""stkWELL"":99.93,""WELL"":0.06}",,"retro 2026-10-06: Morpho netApy inflation (stkWELL reward calc), removed from master"
2026-09-26,97,Moonwell Ecosystem USDC (V2),morpho,Base,$7.1k,7070.674326832284,59.2085,59.2085,,,,,,,7070.674326832284,,32.93,,,,"retro 2026-10-06: Morpho netApy inflation (stkWELL reward calc), removed from master"
2026-09-27,63,MWUSDC,morpho blue,Base,$19.1k,19146.020210104696,71.4731,71.4731,0.15401,,,4.10445,,,19146.020210104696,,4.21,,"{""MAMO"":0.01,""stkWELL"":99.93,""WELL"":0.06}",,"retro 2026-10-06: Morpho netApy inflation (stkWELL reward calc), removed from master"
2026-09-27,97,Moonwell Ecosystem USDC (V2),morpho,Base,$7.1k,7080.281600587726,71.4743,71.4743,,,,,,,7080.281600587726,,4.21,,,,"retro 2026-10-06: Morpho netApy inflation (stkWELL reward calc), removed from master"
2026-09-28,61,MWUSDC,morpho blue,Base,$19.2k,19160.839128141353,85.7271,85.7271,0.15299,,,4.09255,,,19160.839128141353,,,,"{""MAMO"":0.01,""stkWELL"":99.93,""WELL"":0.06}",,"retro 2026-10-06: Morpho netApy inflation (stkWELL reward calc), removed from master"
2026-09-28,97,Moonwell Ecosystem USDC (V2),morpho,Base,$7.1k,7076.516924136358,85.7286,85.7286,,,,,,,7076.516924136358,,0,,,,"retro 2026-10-06: Morpho netApy inflation (stkWELL reward calc), removed from master"
2026-09-29,61,MWUSDC,morpho blue,Base,$18.4k,18435.68090661888,103.3568,103.3568,0.1547,,,4.08361,,,18435.68090661888,,,,"{""MAMO"":0.01,""stkWELL"":99.92,""WELL"":0.06}",,"retro 2026-10-06: Morpho netApy inflation (stkWELL reward calc), removed from master"
2026-09-29,98,Moonwell Ecosystem USDC (V2),morpho,Base,$6.3k,6328.143979546914,103.3588,103.3588,,,,,,,6328.143979546914,,0,,,,"retro 2026-10-06: Morpho netApy inflation (stkWELL reward calc), removed from master"
2026-09-30,64,MWUSDC,morpho blue,Base,$17.5k,17472.877528997025,125.6195,125.6195,0.1555,,,4.07724,,,17472.877528997025,,,,"{""MAMO"":0.01,""stkWELL"":99.92,""WELL"":0.06}",,"retro 2026-10-06: Morpho netApy inflation (stkWELL reward calc), removed from master"
2026-09-30,99,Moonwell Ecosystem USDC (V2),morpho,Base,$5.3k,5340.687833300367,125.6225,125.6225,,,,,,,5340.687833300367,,0,,,,"retro 2026-10-06: Morpho netApy inflation (stkWELL reward calc), removed from master"
2026-10-01,63,MWUSDC,morpho blue,Base,$16.0k,16008.601377816245,154.4022,154.4022,0.15468,,,4.07082,,,16008.601377816245,,,,"{""MAMO"":0.01,""stkWELL"":99.91,""WELL"":0.07}",,"retro 2026-10-06: Morpho netApy inflation (stkWELL reward calc), removed from master"
2026-10-01,100,Moonwell Ecosystem USDC (V2),morpho,Base,$3.8k,3847.8992719639264,154.3987,154.3987,,,,,,,3847.8992719639264,,0,,,,"retro 2026-10-06: Morpho netApy inflation (stkWELL reward calc), removed from master"
2026-10-02,61,MWUSDC,morpho blue,Base,$16.0k,16003.761378219708,191.3411,191.3411,0.1594,,,4.0681,,,16003.761378219708,,,,"{""MAMO"":0.01,""stkWELL"":99.91,""WELL"":0.07}",,"retro 2026-10-06: Morpho netApy inflation (stkWELL reward calc), removed from master"
2026-10-02,99,Moonwell Ecosystem USDC (V2),morpho,Base,$3.8k,3808.7045223088485,191.3468,191.3468,,,,,,,3808.7045223088485,,0,,,,"retro 2026-10-06: Morpho netApy inflation (stkWELL reward calc), removed from master"
2026-10-03,62,MWUSDC,morpho blue,Base,$15.8k,15825.411103194392,241.3131,241.3131,0.16599,,,4.06752,,,15825.411103194392,,,,"{""MAMO"":0.01,""stkWELL"":99.91,""WELL"":0.07}",,"retro 2026-10-06: Morpho netApy inflation (stkWELL reward calc), removed from master"
2026-10-03,98,Moonwell Ecosystem USDC (V2),morpho,Base,$3.6k,3591.1655582927083,241.3075,241.3075,,,,,,,3591.1655582927083,,0,,,,"retro 2026-10-06: Morpho netApy inflation (stkWELL reward calc), removed from master"
2026-10-04,61,MWUSDC,morpho blue,Base,$15.9k,15882.333526864477,307.6142,307.6142,0.16874,,,4.06495,,,15882.333526864477,,,,"{""MAMO"":0.01,""stkWELL"":99.91,""WELL"":0.07}",,"retro 2026-10-06: Morpho netApy inflation (stkWELL reward calc), removed from master"
2026-10-04,99,Moonwell Ecosystem USDC (V2),morpho,Base,$3.6k,3604.085672053098,307.6246,307.6246,,,,,,,3604.085672053098,,0,,,,"retro 2026-10-06: Morpho netApy inflation (stkWELL reward calc), removed from master"
2026-10-05,63,MWUSDC,morpho blue,Base,$15.9k,15947.488780843867,400.8236,400.8236,0.1672,,,4.05484,,,15947.488780843867,,,,"{""MAMO"":0.01,""stkWELL"":99.91,""WELL"":0.07}",,"retro 2026-10-06: Morpho netApy inflation (stkWELL reward calc), removed from master"
2026-10-05,99,Moonwell Ecosystem USDC (V2),morpho,Base,$3.6k,3618.8708889674854,400.8364,400.8364,,,,,,,3618.8708889674854,,0,,,,"retro 2026-10-06: Morpho netApy inflation (stkWELL reward calc), removed from master"
